IN_1_DS_down,IN_1_DS_up,IN_2_DS_down,IN_2_DS_up,IN_DS_down,IN_DS_up,IPC_DS_down,IPC_DS_up,MGE_DS_down,MGE_DS_up,nEN_1_DS_down,nEN_1_DS_up,nEN_DS_down,nEN_DS_up,nIN_1_DS_down,nIN_1_DS_up,nIN_DS_down,nIN_DS_up,RG_DS_down,RG_DS_up,IN_1_DS_down_TFs,IN_1_DS_up_TFs,IN_2_DS_down_TFs,IN_2_DS_up_TFs,IN_DS_down_TFs,IN_DS_up_TFs,IPC_DS_down_TFs,IPC_DS_up_TFs,MGE_DS_down_TFs,MGE_DS_up_TFs,nEN_1_DS_down_TFs,nEN_1_DS_up_TFs,nEN_DS_down_TFs,nEN_DS_up_TFs,nIN_1_DS_down_TFs,nIN_1_DS_up_TFs,nIN_DS_down_TFs,nIN_DS_up_TFs,RG_DS_down_TFs,RG_DS_up_TFs,IN_1_DS_down_HSA21,IN_1_DS_up_HSA21,IN_2_DS_down_HSA21,IN_2_DS_up_HSA21,IN_DS_down_HSA21,IN_DS_up_HSA21,IPC_DS_down_HSA21,IPC_DS_up_HSA21,MGE_DS_down_HSA21,MGE_DS_up_HSA21,nEN_1_DS_down_HSA21,nEN_1_DS_up_HSA21,nEN_DS_down_HSA21,nEN_DS_up_HSA21,nIN_1_DS_down_HSA21,nIN_1_DS_up_HSA21,nIN_DS_down_HSA21,nIN_DS_up_HSA21,RG_DS_down_HSA21,RG_DS_up_HSA21
DAB1,BTF3L4,COL9A2,DHRS3,AL031985.4,PSMB4,EPB41,PALMD,ID3,ACAP3,YBX1,RSRP1,PTPRU,RNF115,HES4,ELAVL4,DMRTA2,HMGN2,RPL11,DISP3,GLIS3,ZBTB20,DMRTA2,GATAD2B,DMRTA2,,LHX5,POGZ,ID3,HIVEP3,YBX1,ZNF385B,FEZF2,GABPA,HES4,ZNF804A,DMRTA2,NRF1,DMRTA2,POGZ,,HSPA13,,CXADR,,CXADR,,HSPA13,,HSPA13,,MRPL39,,HSPA13,,HSPA13,,HSPA13,,HSPA13
MAGI3,RND3,RNF220,DHCR24,FAM183A,AL591043.2,WLS,BCL9,RPS8,PRKCZ,DMRTA2,MIR3659HG,COL24A1,AC244033.2,RPL11,TM2D1,TNNI3K,MGAT5,RPS8,FBXO42,,JARID2,NHLH1,RARB,NHLH2,,FOXJ1,SP9,DMRTA2,MLLT11,DMRTA2,NR3C1,BHLHE22,BACH1,ID4,DLX5,EOMES,L3MBTL4,NHLH2,GATAD2B,,ATP5PF,,MRPL39,,APP,,ATP5PF,,CXADR,,JAM2,,CXADR,,CXADR,,CHODL,,USP25
FRMD4B,SESTD1,DMRTA2,NEGR1,MMACHC,RASAL2,ARHGAP25,VPS45,DMRTA2,GPR153,AC099792.1,PRDX6,AC119673.2,ATP1A2,PKN2,PRKACB,CCDC18-AS1,DYNC1I2,DMRTA2,MACO1,,ZNF609,PROX1,FOXP1,NHLH1,,ZNF558,DLX6,NHLH2,POGZ,BCL11A,ONECUT1,NFIB,,CARHSP1,THRA,ZMAT4,,EOMES,ASH1L,,CCT8,,ATP5PF,,CCT8,,APP,,ATP5PF,,APP,,GABPA,,ATP5PF,,ATP5PF,,APP
NLGN1,DCBLD2,LINC02609,AL445433.2,DMRTA2,SMG7,THSD7B,POGZ,AL049637.2,ACOT7,GNAI3,SUSD4,ATRAID,SLC4A5,RPS7,SV2A,TAGLN2,RAD18,CACHD1,GRIK3,,BACH1,ESRRG,BCL11B,TBR1,,NCOA5,DLX5,MYCN,GATAD2B,NEUROD1,RORA,DACH1,,SMARCB1,,DMRTA1,,MECOM,RC3H1,,BACH1,,GABPA,,SYNJ1,,USP16,,LTN1,,CCT8,,APP,,APP,,APP,,LTN1
LIMCH1,ZBTB20,NTNG1,PTGFRN,LINC02609,CAMSAP2,MLF1,DNM3,DAB1,DISP3,Z99572.1,EFCAB2,ANKRD36B,RPN1,PSME4,KIFAP3,FAM78B,LRRC3B,GNG12-AS1,AL139260.1,,,TCF7L1,ZNF609,EOMES,,,ZFHX2,OTX1,ASH1L,LEF1,ONECUT2,ZIC5,,,,TUB,,HMGA1,MYT1L,,SOD1,,APP,,IFNAR2,,CCT8,,CCT8,,SOD1,,USP16,,CCT8,,CCT8,,USP16
GRID2,PDE5A,S100A13,GATAD2B,VCAM1,IPO9,HS3ST1,ASTN1,PGM1,FBXO42,HMCN1,PCYOX1,MZT2A,LINC02232,PTPRG,DNM3,ADORA1,PFN2,WLS,AK5,,,NEUROD1,GABPA,FEZF2,,,MEIS2,TCF7L1,PBX1,NEUROD6,ONECUT3,ZIC2,,,,PAX6,,ZNF16,DLX1,,PAXBP1,,USP16,,SON,,SOD1,,BACH1,,SYNJ1,,CCT8,,SOD1,,TIAM1,,CCT8
UNC5C,TRIM2,NHLH1,RABGAP1L,NHLH2,FSIP2,G3BP2,BRINP2,ROR1,RAP1GAP,RPS7,ZNF385B,ATP5MC3,LINC01060,SLC25A36,CAMSAP2,PLEKHA6,SCRG1,COL24A1,ADGRL2,,,EOMES,PKNOX1,ZIC1,,,,TBR1,RC3H1,GLI3,RUNX1,LHX1,,,,ZNF558,,LHX5,DLX2,,SON,,CCT8,,CRYZL1,,CRYZL1,,TIAM1,,IFNAR2,,BACH1,,CRYZL1,,SOD1,,SCAF4
ADCY2,JARID2,BTG2,MIR181A1HG,SLC22A15,LINC01182,UNC5C,RASAL2,CACHD1,MACO1,AC096570.1,ITGA9,EEF1B2,SLC35F1,IGF2BP2,GNG4,GREM2,CAMK4,RPL5,DDAH1,,,NR2F1,,HES1,,,,FEZF2,SOX11,ST18,ETS2,ZNF558,,,,,,ZIC2,SP9,,CRYZL1,,SOD1,,ITSN1,,ITSN1,,SCAF4,,TMEM50B,,TIAM1,,TTC3,,HUNK,,SYNJ1
PAM,LRRC4C,PROX1,SERTAD4,AC245407.2,LINC02506,AC109927.1,STX6,SERBP1,SH3BGRL3,LTBP1,MYRIP,FEZF2,CCZ1,RPL9,GAD1,FAM228A,CD24,OLFM3,MIR137HG,,,SP8,,NR3C2,,,,HES1,CERS6,GLIS3,,,,,,,,LHX1,ZBTB20,,ITSN1,,GART,,HLCS,,MRPS6,,HUNK,,GART,,MIS18A,,BRWD1,,SON,,PAXBP1
AHI1,MGAT4C,ESRRG,FAM49A,NHLH1,NIPAL1,INPP4B,CAMSAP2,COL24A1,RBBP4,AC132153.1,PRICKLE2,PARM1,LHFPL3,MAML3,ZNF804A,ACYP2,CCZ1,NHLH2,AL445433.2,,,ST18,,EGR1,,,,KLF3,SP3,ZNF22,,,,,,,,,EBF1,,ATP5PO,,CRYZL1,,TTC3,,RCAN1,,SYNJ1,,SON,,PAXBP1,,GET1,,CRYZL1,,IFNAR2
HDAC9,ZNF609,LGALS8,PGAP1,FAM89A,ABHD18,GALNT7,IPO9,LINC02609,GRIK3,BCL11A,EOGT,AC109927.1,WRN,RPS3A,ATP6V1A,MIR4435-2HG,LSM5,FAM89A,WDR47,,,EBF3,,ID4,,,,LEF1,SP9,GTF3A,,,,,,,,,DLX6,,MRPS6,,ITSN1,,BRWD1,,DOP1B,,PAXBP1,,DONSON,,IFNAR2,,PRMT2,,ITSN1,,IFNAR1
CHCHD2,LINC01572,AC132153.1,IGFBP5,CHRM3,PLCXD3,CDH18,SLC4A5,RPL5,MANEAL,ANKRD39,CD47,PDGFC,ENTPD1-AS1,CHD1,SST,GPR39,ANLN,TRIM67,VPS45,,,PAX6,,HEY2,,,,NEUROG2,KLF7,NEUROD2,,,,,,,,,DLX5,,MORC3,,SLC5A3,,HMGN1,,TTC3,,IFNAR2,,RUNX1,,IFNAR1,,,,ATP5PO,,TMEM50B
CSMD1,PITPNC1,TCF7L1,RAMP1,RPS7,DTWD2,CDC20B,SCN3A,OLFM3,RIMS3,RND3,AC092902.4,GTF2H2,LRRC4C,BOD1,NREP,ARHGAP15,H2AFV,RPS7,POGZ,,,ZBTB16,,UNCX,,,,AHRR,RARB,TCF4,,,,,,,,,RUNX1T1,,TTC3,,HLCS,,NDUFV3,,BRWD1,,IFNAR1,,HLCS,,SON,,,,MRPS6,,SON
KHDRBS3,AP001347.1,KCNJ3,RARB,AC132153.1,HTR1E,SAMD5,SP9,NHLH2,HIVEP3,NEUROD1,MCF2L2,SLC25A48,AL162493.1,ID4,NUDT3,CCDC148,PEG10,KLHL29,SNX27,,,SOX5,,EBF2,,,,NEUROG1,PCBP4,ZNF558,,,,,,,,,SCRT1,,DYRK1A,,TTC3,,RRP1B,,HMGN1,,DONSON,,ETS2,,DONSON,,,,MORC3,,CRYZL1
GLIS3,HSPA13,FIGN,SYNPR,ARHGAP25,ARHGAP18,CHCHD2,NECTIN3-AS1,AL596087.2,RIMKLA,ENTPD3-AS1,FGF12,HIGD2A,RAB31,RNGTT,CD24,PKP4,NRF1,XDH,CELF3,,,LHX5,,ZMAT4,,,,ID4,PBRM1,,,,,,,,,,SMARCA2,,HMGN1,,VPS26C,,GATD3A,,GET1,,CRYZL1,,RRP1B,,CRYZL1,,,,TTC3,,ITSN1
MPDZ,ATP5PF,NEUROD1,FOXP1,ANKRD36B,NMBR,AC006148.1,TNIK,RPS7,ZSWIM5,ROBO2,ABLIM2,MTCH1,MIR924HG,SAMD3,SLC35F1,RAPGEF4,HSPA12A,MZT2A,GATAD2B,,,NPAS3,,BHLHE22,,,,PLAGL1,TET2,,,,,,,,,,RORB,,GET1,,DYRK1A,,PRMT2,,PDE9A,,ITSN1,,TRAPPC10,,ITSN1,,,,DYRK1A,,MORC3
SLC4A8,CCT8,PDE1A,ROBO2,LINC01965,CCDC170,KHDRBS3,FGF12,MYCN,ELAVL4,OCIAD2,LINC02506,OARD1,AP001347.1,RPS12,SERINC1,ADAM23,SHTN1,RBMS1,TRIM46,,,NR2F2,,ZNF16,,,,UNCX,SOX4,,,,,,,,,,DPF3,,PDE9A,,KCNJ6,,,,RRP1B,,MRPS6,,GATD3A,,TTC3,,,,HMGN1,,HLCS
RMST,BACH1,ERBB4,NECTIN3-AS1,LYPD6,DLC1,ADAMTSL1,AC093765.3,DYNC2LI1,FAF1,LEF1,USP53,CHCHD2,HSPA13,CHCHD2,DLX5,ECEL1,LRCH1,ATP5MC3,ASH1L,,,LHX1,,LHX2,,,,GLI3,DLX6,,,,,,,,,,FOXN3,,PRMT2,,BRWD1,,,,CSTB,,RCAN1,,ADARB1,,DYRK1A,,,,PDE9A,,TTC3
GPC6,SOD1,ECEL1,LSAMP,TBR1,WRN,CEMIP2,TRAF3IP2-AS1,STPG4,AK5,FAT4,LRBA,BHLHE22,CXADR,CSPP1,PRKAR2B,EOMES,AL162493.1,HECW2,ARHGEF2,,,ZNF558,,EGR2,,,,ZMAT4,FOXP2,,,,,,,,,,SETBP1,,,,PDE9A,,,,GATD3A,,DOP1B,,POFUT2,,BRWD1,,,,GATD3A,,VPS26C
UGGT2,PAXBP1,EOMES,LINC00903,GULP1,PENK,AC132192.1,CCZ1,CFAP36,NEXN,HPF1,NIM1K,NECAB1,GABPA,EEF1D,TCAF1,EIF1B-AS1,FAM189A1,HSPE1,PEA15,,,TFAP2C,,EMX2,,,,E2F5,ST18,,,,,,,,,,ZNF491,,,,PKNOX1,,,,MCM3AP,,MORC3,,LSS,,BACE2,,,,,,DYRK1A
PCCA,SON,EIF1B,RPN1,EOMES,PKIA-AS1,NAV2,DYNC1I1,OTX1,TTLL7,GTF2H2,EFNA5,ZFPM2-AS1,APP,PTPRD,ANKRD46,TAFA1,ORC6,EEF1B2,KIFAP3,,,,,LHX5,,,,LHX2,ZNF704,,,,,,,,,,MAFB,,,,RRP1B,,,,DIP2A,,CHAF1B,,MCM3AP,,PDE9A,,,,,,BRWD1
AC110023.1,CRYZL1,CRYBG3,IQCJ-SCHIP1,FEZF2,ENTPD1-AS1,CTSC,DLX6,AC007389.1,WDR47,F2R,CHSY3,NFIB,USP16,RPS6,EIF4G2,AC092969.1,WWOX-AS1,ECEL1,DNM3,,,,,ZFP36L1,,,,EMX2,RUNX1T1,,,,,,,,,,ZHX3,,,,GATD3A,,,,PRMT2,,TTC3,,,,RRP1B,,,,,,GET1
EIF5A,ITSN1,DCBLD2,DLG1,ZIC1,DLG2,AP000936.1,DLX5,ARHGAP25,VPS45,LINC02488,AC008438.1,ABCA1,CCT8,MOB3B,PGM2L1,HS3ST1,AC100793.4,LRRN1,ANKRD45,,,,,LHX1,,,,LHX5,SCRT1,,,,,,,,,,PKNOX1,,,,LSS,,,,,,DYRK1A,,,,GATD3A,,,,,,PDE9A
CCDC144NL-AS1,ATP5PO,SPSB4,LDB2,PEX5L,PTPRO,AC027288.3,CPEB3,C2orf81,MLLT11,LINC02144,NR3C1,ST6GALNAC4,BACH1,DENND1A,SCN3B,SRD5A3,ARL17A,RPL15,KLHL20,,,,,ZNF558,,,,ZFP36L1,SMARCA2,,,,,,,,,,,,,,MCM3AP,,,,,,BRWD1,,,,LSS,,,,,,NDUFV3
MT-ND5,MRPS6,AC092944.1,SLC4A4,HES1,AL162493.1,BTBD11,CCKBR,WDR54,SEMA6C,TMEM161B-AS1,NSD1,TMEM141,TIAM1,RPL12,KPNA3,AMACR,SKA2,EOMES,RC3H1,,,,,ZNF93,,,,ZNF423,KLF12,,,,,,,,,,,,,,PRMT2,,,,,,HMGN1,,,,MCM3AP,,,,,,PKNOX1
,MORC3,VEPH1,HERC3,RBM47,AC068722.1,LHX5,AC068205.1,TCF7L1,POGZ,LINC00461,STK38,ARRDC1-AS1,MIS18A,RPL7A,EXOC5,GTF2H2,RHBDF2,RPSA,ASTN1,,,,,ID1,,,,LHX1,FOXN3,,,,,,,,,,,,,,,,,,,,GET1,,,,DIP2A,,,,,,RRP1B
,TTC3,PTX3,GPRIN3,EPHA5,MT2A,LHX5-AS1,PTPRJ,LYPD6B,CELF3,GLRX,MDGA1,PDLIM1,PAXBP1,RPS24,DAAM1,ACOT12,L3MBTL4,THOC7,RASAL2,,,,,PPARA,,,,ZNF558,TOX3,,,,,,,,,,,,,,,,,,,,ABCG1,,,,PRMT2,,,,,,TRAPPC10
,DYRK1A,KCNMB2,PPP3CA,EPHA5-AS1,PTPRM,TPTE2,IGSF9B,TBR1,GATAD2B,CCDC112,HTR1E,CD151,IFNAR2,RPS3,RTN1,AC005753.2,UBE2S,RPL24,STX6,,,,,,,,,,ZFP90,,,,,,,,,,,,,,,,,,,,PDE9A,,,,,,,,,,GATD3A
,HMGN1,KCNMB2-AS1,ELOVL6,PARM1,DOK6,DNAJC15,SART3,SSB,HCN3,AC008415.1,MAP7,AC132192.1,IFNAR1,PLEKHA5,GNAO1,KCNIP1,SYNDIG1,MECOM,NMNAT2,,,,,,,,,,RARA,,,,,,,,,,,,,,,,,,,,NDUFV3,,,,,,,,,,LSS
,GET1,MAGEF1,MSMO1,PRKG2,AP001347.1,GPC5,AL162493.1,LINC01934,ASH1L,SLC22A23,UTRN,LRRC10B,SON,SCAF11,THRA,AL355612.1,AP001347.1,SORCS2,RGL1,,,,,,,,,,L3MBTL4,,,,,,,,,,,,,,,,,,,,PKNOX1,,,,,,,,,,MCM3AP
,PDE9A,LIMCH1,BASP1-AS1,DKK2,CXADR,TMEM121,ZFHX2,FAM171B,ARHGEF2,CLIC1,AKAP12,CTSC,DONSON,RPLP0,MAPT,AL589693.1,HSPA13,SMIM20,CRB1,,,,,,,,,,ZNF532,,,,,,,,,,,,,,,,,,,,RRP1B,,,,,,,,,,DIP2A
,PRMT2,USP46,LINC02223,AC023886.1,APP,MKRN3,LRFN5,FZD7,PBX1,PACSIN1,CCZ1,ARHGAP42,CRYZL1,EBPL,CELF5,PRKN,MIR99AHG,OCIAD2,CAMSAP2,,,,,,,,,,ZNF430,,,,,,,,,,,,,,,,,,,,TRAPPC10,,,,,,,,,,PRMT2
,SH3BGRL,NMU,HMGCS1,NDST3,CCT8,FAM189A1,RTN1,EEF1B2,GPR161,OARD1,FKBP9,AP003049.2,ITSN1,SYNE2,APLP1,SUGCT,CHODL,NMU,KIF21B,,,,,,,,,,DPF1,,,,,,,,,,,,,,,,,,,,GATD3A,,,,,,,,,,
,,UNC5C,CHSY3,AC109927.1,SYNJ1,EIF5A,MEIS2,IRS1,KIFAP3,ARHGAP18,PILRB,B3GAT1,TTC3,MARK3,TTC9B,CHCHD2,ATP5PF,AMBN,ATP2B4,,,,,,,,,,POU2F2,,,,,,,,,,,,,,,,,,,,PFKL,,,,,,,,,,
,,NDST3,NSD1,AC139720.1,IFNAR2,FOXJ1,ANXA2,ARMC9,DNM3,NEUROD6,LINC-PINT,KCNC2,DYRK1A,MYO1E,HSPA13,COL26A1,APP,UNC5C,SYT14,,,,,,,,,,SCRT2,,,,,,,,,,,,,,,,,,,,PRMT2,,,,,,,,,,
,,SFRP2,ADGRB3,NR3C2,SON,OAZ1,AC012645.1,ECEL1,RC3H1,GLI3,C8orf34,DNAJC15,BRWD1,RPS27L,CXADR,AC009264.1,CCT8,NDST4,SERTAD4,,,,,,,,,,INSM1,,,,,,,,,,,,,,,,,,,,,,,,,,,,,,
,,ADCY2,RPS6KA2,RPS3A,CRYZL1,ZNF558,FXYD7,ACKR3,COP1,CHCHD2,POP1,DACH1,BACE2,RPLP1,ATP5PF,CHRM2,TIAM1,AC109927.1,LYST,,,,,,,,,,MAFB,,,,,,,,,,,,,,,,,,,,,,,,,,,,,,
,,CDH6,NPY,LRAT,ITSN1,NCOA5,CACNG8,GPC1,ASTN1,SEMA3D,FXN,AL137139.2,PDE9A,RPS2,APP,VIPR2,SOD1,GTF2H2,MYT1L,,,,,,,,,,MYT1,,,,,,,,,,,,,,,,,,,,,,,,,,,,,,
,,AC112206.2,CALN1,FSTL5,HLCS,GRK3,TMC2,SRGAP3,BRINP2,PTN,FAM189A2,ZIC5,RRP1B,CARHSP1,CCT8,CLU,HUNK,HOMER1,KCNK3,,,,,,,,,,BACH1,,,,,,,,,,,,,,,,,,,,,,,,,,,,,,
,,AC106798.1,CTTNBP2,CDH18,TTC3,KIAA0930,PAK5,RBMS3,NMNAT2,ST18,ASTN2,ZIC2,GATD3A,RPL13,SOD1,ZMAT4,SON,VDAC1,ALK,,,,,,,,,,PKNOX1,,,,,,,,,,,,,,,,,,,,,,,,,,,,,,
,,GTF2H2,EPHB6,CDH6,BRWD1,MT-ND5,CDH22,IMPDH2,CRB1,GLIS3,BRINP1,IFI27L2,LSS,NXN,CRYZL1,CBWD1,CRYZL1,RPS14,NRXN1,,,,,,,,,,,,,,,,,,,,,,,,,,,,,,,,,,,,,,,,
,,AC093298.2,C8orf34,ITGA2,HMGN1,,HSPA13,GNAI2,CAMSAP2,PLGRKT,FNBP1,TMEM121,MCM3AP-AS1,EIF5A,TTC3,KDM4C,ITSN1,SLIT3,REEP1,,,,,,,,,,,,,,,,,,,,,,,,,,,,,,,,,,,,,,,,
,,AC124854.1,SQLE,GTF2H2,NDUFV3,,MIR99AHG,FEZF2,KIF21B,RPS6,KIAA1217,B2M,MCM3AP,EPN2,BRWD1,DMRTA1,ATP5PO,NPM1,SH3RF3,,,,,,,,,,,,,,,,,,,,,,,,,,,,,,,,,,,,,,,,
,,NR2F1,KCNQ3,EDIL3,RRP1B,,ATP5PF,LRIG1,IPO9,SECISBP2,PRKG1,EIF5A,DIP2A,SSH2,GET1,LINC01239,MRPS6,BOD1,AMER3,,,,,,,,,,,,,,,,,,,,,,,,,,,,,,,,,,,,,,,,
,,SEMA6A,EPB41L4B,EGR1,GATD3A,,APP,RNF7,ARL8A,KIF5B,PLCE1,MFAP4,PRMT2,RPL17,PRMT2,PRKCQ,MORC3,RACK1,KCNH7,,,,,,,,,,,,,,,,,,,,,,,,,,,,,,,,,,,,,,,,
,,CXXC5,RABGAP1,NRN1,MCM3AP-AS1,,USP16,PLCH1,PPP1R12B,ZNF22,ENTPD1-AS1,LHX1,,RPS15,SEZ6L,NEBL,TTC3,CARMIL1,AC011900.1,,,,,,,,,,,,,,,,,,,,,,,,,,,,,,,,,,,,,,,,
,,TMEM14C,SCAI,ID4,PRMT2,,CCT8,WDR49,RABIF,LMO2,CNNM1,PLEKHJ1,,RPL18A,SEPTIN3,MPP7,DYRK1A,HMGA1,AC019197.1,,,,,,,,,,,,,,,,,,,,,,,,,,,,,,,,,,,,,,,,
,,CLIC1,KCNMA1,TENT5A,UTY,,SOD1,HES1,CNTN2,FAM89B,B4GALNT4,MICOS13,,FBL,TMEM35A,DNAJC12,HMGN1,RPL7L1,SCN3A,,,,,,,,,,,,,,,,,,,,,,,,,,,,,,,,,,,,,,,,
,,CCDC167,SCD,FABP7,,,CRYZL1,NCBP2,LINC01717,ATP5MC2,PTPRJ,NDUFA7,,RPS9,,TUB,PDE9A,TPBG,STK39,,,,,,,,,,,,,,,,,,,,,,,,,,,,,,,,,,,,,,,,
,,OARD1,INSYN2A,HEY2,,,ITSN1,FGFR3,SYT14,GTF3A,DPY19L2,ZNF558,,TTYH1,,NAV2,GATD3A,CENPW,SLC25A12,,,,,,,,,,,,,,,,,,,,,,,,,,,,,,,,,,,,,,,,
,,HMGN3,LRRC4C,RSPO3,,,MRPS6,TMEM128,SERTAD4,DLEU2,IKBIP,TSPO,,SMARCB1,,ELP4,Z73420.1,RPS12,DLX1,,,,,,,,,,,,,,,,,,,,,,,,,,,,,,,,,,,,,,,,
,,SH3BGRL2,SNX32,HEBP2,,,RCAN1,SORCS2,GNG4,SIPA1L1,KSR2,WNT7B,,TTC28,,PAX6,UTY,CHCHD2,DLX2,,,,,,,,,,,,,,,,,,,,,,,,,,,,,,,,,,,,,,,,
,,USP45,XRRA1,PLEKHG1,,,DOP1B,PACRGL,CEP170,THSD4-AS1,CIT,,,LARGE1,,LMO2,,LAMB1,SP9,,,,,,,,,,,,,,,,,,,,,,,,,,,,,,,,,,,,,,,,
,,FABP7,DLG2,CNKSR3,,,TTC3,SMIM20,AKT3,CDK5R1,KLHL1,,,EIF3L,,CCND1,,PDP1,PLCL1,,,,,,,,,,,,,,,,,,,,,,,,,,,,,,,,,,,,,,,,
,,SP8,SC5D,SOD2,,,BRWD1,KLF3,SOX11,NEUROD2,AL162493.1,,,MID1,,DISC1FP1,,EIF3E,BMPR2,,,,,,,,,,,,,,,,,,,,,,,,,,,,,,,,,,,,,,,,
,,DNAH11,PLEKHA5,UNCX,,,HMGN1,UNC5C,KIF3C,NKIRAS2,LRFN5,,,HDAC8,,FAT3,,LY6E,CUL3,,,,,,,,,,,,,,,,,,,,,,,,,,,,,,,,,,,,,,,,
,,CDCA7L,CPNE8,CHCHD2,,,GET1,LEF1,KCNK3,MIB1,GABRG3-AS1,,,,,CEP126,,ZNF16,NYAP2,,,,,,,,,,,,,,,,,,,,,,,,,,,,,,,,,,,,,,,,
,,CHCHD2,MED13L,SEMA3C,,,PDE9A,AP1AR,DPYSL5,TTR,ONECUT1,,,,,DYRK4,,RPS6,PID1,,,,,,,,,,,,,,,,,,,,,,,,,,,,,,,,,,,,,,,,
,,SEMA3E,KSR2,SEMA3E,,,RRP1B,NEUROG2,ALK,TCF4,UNC13C,,,,,PPFIA2-AS1,,RFK,DNER,,,,,,,,,,,,,,,,,,,,,,,,,,,,,,,,,,,,,,,,
,,FZD1,DNAH10OS,GNG11,,,CSTB,NDST4,CCDC88A,CNN2,RORA,,,,,AC069228.1,,GAS1,LHFPL4,,,,,,,,,,,,,,,,,,,,,,,,,,,,,,,,,,,,,,,,
,,FEZF1-AS1,AL162493.1,EBF2,,,GATD3A,RPS3A,CTNNA2,OAZ1,MTFMT,,,,,RMST,,TXN,SLC6A1,,,,,,,,,,,,,,,,,,,,,,,,,,,,,,,,,,,,,,,,
,,GRM8,LRFN5,ZMAT4,,,MCM3AP-AS1,AHRR,TMSB10,ZNF558,TSC2,,,,,BTBD11,,PTGR1,KCNH8,,,,,,,,,,,,,,,,,,,,,,,,,,,,,,,,,,,,,,,,
,,AC068931.1,BCL11B,BHLHE22,,,MCM3AP,MRPL36,REEP1,EIF3G,SNHG19,,,,,LHX5-AS1,,RPL12,CAMKV,,,,,,,,,,,,,,,,,,,,,,,,,,,,,,,,,,,,,,,,
,,ST18,FAM189A1,RDH10,,,DIP2A,CDH12,SLC9A2,ETFB,AC092142.1,,,,,TMEM132D,,RPL7A,AC117461.1,,,,,,,,,,,,,,,,,,,,,,,,,,,,,,,,,,,,,,,,
,,GLDC,ZNF609,CALB1,,,PRMT2,GTF2H2,SH3RF3,AL024495.1,FANCA,,,,,FGF14,,RPS24,NECTIN3-AS1,,,,,,,,,,,,,,,,,,,,,,,,,,,,,,,,,,,,,,,,
,,GOLM1,AC009041.2,C8orf37-AS1,,,TMEM191B,ADAMTS19,RND3,MID1,LRRC37A,,,,,AL110292.1,,RAB11FIP2,ATP6V1A,,,,,,,,,,,,,,,,,,,,,,,,,,,,,,,,,,,,,,,,
,,CDC14B,AC004158.1,HAS2,,,GSTT2B,NEUROG1,KCNH7,,NSF,,,,,AL049828.1,,SLC17A6,ZBTB20,,,,,,,,,,,,,,,,,,,,,,,,,,,,,,,,,,,,,,,,
,,PRKCQ,COX10-AS1,RPL8,,,PNPLA3,PCDHB5,AC019197.1,,SDK2,,,,,DLK1,,MRPL11,ZBTB20-AS5,,,,,,,,,,,,,,,,,,,,,,,,,,,,,,,,,,,,,,,,
,,SFMBT2,ASIC2,ZNF16,,,SH3BGRL,RPS14,SCN3A,,CHST9,,,,,MKRN3,,CCND1,EPHB1,,,,,,,,,,,,,,,,,,,,,,,,,,,,,,,,,,,,,,,,
,,KIAA1217,MACROD2,LPAR1,,,UTY,NPM1,CERS6,,ONECUT2,,,,,GOLGA8B,,RPS3,PIK3CB,,,,,,,,,,,,,,,,,,,,,,,,,,,,,,,,,,,,,,,,
,,SLIT1,AP001347.1,WDR31,,,,ERGIC1,AC007405.1,,DSEL,,,,,AC012409.2,,CTSC,WWTR1,,,,,,,,,,,,,,,,,,,,,,,,,,,,,,,,,,,,,,,,
,,EMX2OS,CXADR,PAPPA,,,,PRR7,GAD1,,ONECUT3,,,,,NR2F2-AS1,,SESN3,TNIK,,,,,,,,,,,,,,,,,,,,,,,,,,,,,,,,,,,,,,,,
,,CTBP2,MRPL39,LHX2,,,,RACK1,DYNC1I2,,ANKRD27,,,,,NME3,,SINHCAF,GRK4,,,,,,,,,,,,,,,,,,,,,,,,,,,,,,,,,,,,,,,,
,,EBF3,ATP5PF,AC006450.3,,,,NRN1,SLC25A12,,MRPL39,,,,,VKORC1,,NELL2,AFAP1,,,,,,,,,,,,,,,,,,,,,,,,,,,,,,,,,,,,,,,,
,,SLC17A6,GABPA,SEC16A,,,,ID4,HAT1,,JAM2,,,,,COTL1,,ATP5MC2,ABLIM2,,,,,,,,,,,,,,,,,,,,,,,,,,,,,,,,,,,,,,,,
,,PAX6,APP,VIM,,,,CARMIL1,SP3,,APP,,,,,FGF11,,PA2G4,AC110296.1,,,,,,,,,,,,,,,,,,,,,,,,,,,,,,,,,,,,,,,,
,,PAUPAR,USP16,EGR2,,,,RPS18,OLA1,,AP001442.1,,,,,ARHGAP44,,NAP1L1,CHIC2,,,,,,,,,,,,,,,,,,,,,,,,,,,,,,,,,,,,,,,,
,,CCND1,CCT8,CDH23,,,,OARD1,SP9,,CCT8,,,,,RHBDL3,,SYT1,PPP3CA,,,,,,,,,,,,,,,,,,,,,,,,,,,,,,,,,,,,,,,,
,,GAB2,SOD1,RPS24,,,,RPL7L1,LNPK,,SOD1,,,,,LGALS3BP,,AC027288.3,ANK2,,,,,,,,,,,,,,,,,,,,,,,,,,,,,,,,,,,,,,,,
,,CNTN5,GART,EMX2OS,,,,B3GAT2,RFTN2,,SYNJ1,,,,,TMEM241,,LIN7A,AC093879.1,,,,,,,,,,,,,,,,,,,,,,,,,,,,,,,,,,,,,,,,
,,ZBTB16,CRYZL1,EMX2,,,,FILIP1,PLCL1,,IFNAR2,,,,,ZNF558,,RMST,PCDH10,,,,,,,,,,,,,,,,,,,,,,,,,,,,,,,,,,,,,,,,
,,DYRK4,ITSN1,IFITM3,,,,RRAGD,KLF7,,TMEM50B,,,,,ADGRL1,,RPL6,TRIM2,,,,,,,,,,,,,,,,,,,,,,,,,,,,,,,,,,,,,,,,
,,AC006206.2,SLC5A3,AC132192.1,,,,MFSD4B,MAP2,,GART,,,,,OCEL1,,LHX5,SCRG1,,,,,,,,,,,,,,,,,,,,,,,,,,,,,,,,,,,,,,,,
,,GAPDH,HLCS,AC104009.1,,,,REV3L,TMEM169,,SON,,,,,ISYNA1,,LHX5-AS1,UBE2QL1,,,,,,,,,,,,,,,,,,,,,,,,,,,,,,,,,,,,,,,,
,,SOX5,TTC3,SLC17A6,,,,FABP7,CDK5R2,,DONSON,,,,,PPFIA3,,RPLP0,LINC02223,,,,,,,,,,,,,,,,,,,,,,,,,,,,,,,,,,,,,,,,
,,SINHCAF,VPS26C,CCND1,,,,RSPO3,PID1,,RUNX1,,,,,CDH4,,DYNLL1,NIM1K,,,,,,,,,,,,,,,,,,,,,,,,,,,,,,,,,,,,,,,,
,,PHLDA1,DYRK1A,RPS3,,,,RPS12,ARL4C,,HLCS,,,,,WNT7B,,DNAJC15,RNF180,,,,,,,,,,,,,,,,,,,,,,,,,,,,,,,,,,,,,,,,
,,CSRP2,KCNJ6,YAP1,,,,PLAGL1,SH3BP4,,ETS2,,,,,AC079142.1,,ZIC2,CDO1,,,,,,,,,,,,,,,,,,,,,,,,,,,,,,,,,,,,,,,,
,,LHX5,BRWD1,OAF,,,,AL033504.1,LINC01237,,RRP1B,,,,,SLC6A8,,CCDC85C,NRG2,,,,,,,,,,,,,,,,,,,,,,,,,,,,,,,,,,,,,,,,
,,LHX5-AS1,PDE9A,YBX3,,,,SASH1,LHFPL4,,TRAPPC10,,,,,MT-ND5,,TMEM121,NDFIP1,,,,,,,,,,,,,,,,,,,,,,,,,,,,,,,,,,,,,,,,
,,TMEM132B,PKNOX1,STRAP,,,,RNASET2,SLC6A1,,GATD3A,,,,,,,GCHFR,JAKMIP2,,,,,,,,,,,,,,,,,,,,,,,,,,,,,,,,,,,,,,,,
,,PARP4,RRP1B,SLC38A2,,,,UNCX,KCNH8,,ADARB1,,,,,,,MRPS34,EBF1,,,,,,,,,,,,,,,,,,,,,,,,,,,,,,,,,,,,,,,,
,,DNAJC15,GATD3A,CAPS2,,,,GLI3,RARB,,POFUT2,,,,,,,RPS2,NSG2,,,,,,,,,,,,,,,,,,,,,,,,,,,,,,,,,,,,,,,,
,,NPAS3,LSS,LHX5,,,,CHCHD2,TOP2B,,LSS,,,,,,,THOC6,NSD1,,,,,,,,,,,,,,,,,,,,,,,,,,,,,,,,,,,,,,,,
,,CGRRF1,MCM3AP-AS1,LHX5-AS1,,,,MGAM,CELSR3,,MCM3AP,,,,,,,DCTPP1,LINC00581,,,,,,,,,,,,,,,,,,,,,,,,,,,,,,,,,,,,,,,,
,,RAD51B,MCM3AP,PCDH9,,,,DUSP4,BSN,,SEZ6L,,,,,,,NECAB2,DST,,,,,,,,,,,,,,,,,,,,,,,,,,,,,,,,,,,,,,,,
,,IFI27L2,PRMT2,SOX21-AS1,,,,ZMAT4,CAMKV,,PIK3IP1-AS1,,,,,,,RPL13,CEP85L,,,,,,,,,,,,,,,,,,,,,,,,,,,,,,,,,,,,,,,,
,,ANKRD9,TMEM35A,ABCC4,,,,E2F5,CACNA2D2,,OFD1,,,,,,,EIF5A,CLVS2,,,,,,,,,,,,,,,,,,,,,,,,,,,,,,,,,,,,,,,,
,,MKRN3,UTY,AL049828.2,,,,FAM92A,PCBP4,,FAM156A,,,,,,,LHX1,SYNE1,,,,,,,,,,,,,,,,,,,,,,,,,,,,,,,,,,,,,,,,
,,RPS27L,,AL627171.2,,,,TMEM67,PBRM1,,HPRT1,,,,,,,RPL19,CCZ1,,,,,,,,,,,,,,,,,,,,,,,,,,,,,,,,,,,,,,,,
,,AC012409.2,,SLC35F4,,,,PDP1,ERC2,,SLC9A6,,,,,,,RPL27,GLCCI1,,,,,,,,,,,,,,,,,,,,,,,,,,,,,,,,,,,,,,,,
,,NR2F2-AS1,,ZFP36L1,,,,PABPC1,SYNPR,,,,,,,,,JPT1,NPY,,,,,,,,,,,,,,,,,,,,,,,,,,,,,,,,,,,,,,,,
,,NR2F2,,GLRX5,,,,NCALD,SENP7,,,,,,,,,CENPX,WIPF3,,,,,,,,,,,,,,,,,,,,,,,,,,,,,,,,,,,,,,,,
,,AC087477.2,,TMEM121,,,,EMC2,NECTIN3-AS1,,,,,,,,,RPL17,SEMA3A,,,,,,,,,,,,,,,,,,,,,,,,,,,,,,,,,,,,,,,,
,,ECI1,,PWRN1,,,,MFSD3,TAGLN3,,,,,,,,,RPS15,DYNC1I1,,,,,,,,,,,,,,,,,,,,,,,,,,,,,,,,,,,,,,,,
,,SYT17,,AC087457.1,,,,RPL8,GAP43,,,,,,,,,MKNK2,DLX6-AS1,,,,,,,,,,,,,,,,,,,,,,,,,,,,,,,,,,,,,,,,
,,VKORC1,,CRABP1,,,,DMRT3,STXBP5L,,,,,,,,,GADD45GIP1,DLX6,,,,,,,,,,,,,,,,,,,,,,,,,,,,,,,,,,,,,,,,
,,TPPP3,,METRN,,,,DMAC1,KALRN,,,,,,,,,C19orf53,DLX5,,,,,,,,,,,,,,,,,,,,,,,,,,,,,,,,,,,,,,,,
,,EIF5A,,AC108134.2,,,,LINC01239,RAB6B,,,,,,,,,RPL18A,ACTL6B,,,,,,,,,,,,,,,,,,,,,,,,,,,,,,,,,,,,,,,,
,,RHBDL3,,RPS15A,,,,CNTNAP3,MRAS,,,,,,,,,LSM4,LRRC17,,,,,,,,,,,,,,,,,,,,,,,,,,,,,,,,,,,,,,,,
,,LHX1-DT,,CRNDE,,,,CNTNAP3B,PFN2,,,,,,,,,POLR2I,LHFPL3,,,,,,,,,,,,,,,,,,,,,,,,,,,,,,,,,,,,,,,,
,,LHX1,,RPL13,,,,CARNMT1,TNIK,,,,,,,,,FBL,KMT2E,,,,,,,,,,,,,,,,,,,,,,,,,,,,,,,,,,,,,,,,
,,SLC9A3R1,,EIF5A,,,,GAS1,SOX2-OT,,,,,,,,,RPL18,SRPK2,,,,,,,,,,,,,,,,,,,,,,,,,,,,,,,,,,,,,,,,
,,RAB31,,LHX1-DT,,,,PTGR1,MB21D2,,,,,,,,,C19orf81,LRRN3,,,,,,,,,,,,,,,,,,,,,,,,,,,,,,,,,,,,,,,,
,,AC119868.2,,LHX1,,,,LHX2,GRK4,,,,,,,,,RPS9,TNPO3,,,,,,,,,,,,,,,,,,,,,,,,,,,,,,,,,,,,,,,,
,,MIR7-3HG,,LGALS3BP,,,,RPL12,STK32B,,,,,,,,,RPS5,DGKI,,,,,,,,,,,,,,,,,,,,,,,,,,,,,,,,,,,,,,,,
,,ZNF558,,TTR,,,,RPL7A,CRMP1,,,,,,,,,GRK3,PRAG1,,,,,,,,,,,,,,,,,,,,,,,,,,,,,,,,,,,,,,,,
,,PTH2,,RPL17,,,,VIM,AFAP1,,,,,,,,,EIF3L,LINC00599,,,,,,,,,,,,,,,,,,,,,,,,,,,,,,,,,,,,,,,,
,,TFAP2C,,AC090348.1,,,,NEBL,AC093898.1,,,,,,,,,RRP7A,DPYSL2,,,,,,,,,,,,,,,,,,,,,,,,,,,,,,,,,,,,,,,,
,,NKAIN4,,GADD45B,,,,ANAPC16,PCDH7,,,,,,,,,WNT7B,C8orf34,,,,,,,,,,,,,,,,,,,,,,,,,,,,,,,,,,,,,,,,
,,SLC2A4RG,,ZNF558,,,,RPS24,AC097716.1,,,,,,,,,GTPBP6,STMN2,,,,,,,,,,,,,,,,,,,,,,,,,,,,,,,,,,,,,,,,
,,CECR2,,RPL18A,,,,FGFBP3,SEPTIN11,,,,,,,,,MT-ND5,RUNX1T1,,,,,,,,,,,,,,,,,,,,,,,,,,,,,,,,,,,,,,,,
,,WNT7B,,SUGP2,,,,EMX2OS,PPM1K,,,,,,,,,,MTSS1,,,,,,,,,,,,,,,,,,,,,,,,,,,,,,,,,,,,,,,,
,,DYNLT3,,ZNF93,,,,EMX2,TET2,,,,,,,,,,SCRT1,,,,,,,,,,,,,,,,,,,,,,,,,,,,,,,,,,,,,,,,
,,,,CHST8,,,,RAB11FIP2,MCUB,,,,,,,,,,SMARCA2,,,,,,,,,,,,,,,,,,,,,,,,,,,,,,,,,,,,,,,,
,,,,RPL18,,,,DRD4,ANK2,,,,,,,,,,DENND4C,,,,,,,,,,,,,,,,,,,,,,,,,,,,,,,,,,,,,,,,
,,,,C19orf81,,,,CD81,TRIM2,,,,,,,,,,RUSC2,,,,,,,,,,,,,,,,,,,,,,,,,,,,,,,,,,,,,,,,
,,,,SPACA6,,,,AC132192.1,TMEM131L,,,,,,,,,,APBA1,,,,,,,,,,,,,,,,,,,,,,,,,,,,,,,,,,,,,,,,
,,,,ID1,,,,RRAS2,MARCH1,,,,,,,,,,RORB,,,,,,,,,,,,,,,,,,,,,,,,,,,,,,,,,,,,,,,,
,,,,MROH8,,,,PRMT3,SCRG1,,,,,,,,,,FGD3,,,,,,,,,,,,,,,,,,,,,,,,,,,,,,,,,,,,,,,,
,,,,GRK3,,,,SLC17A6,UBE2QL1,,,,,,,,,,INVS,,,,,,,,,,,,,,,,,,,,,,,,,,,,,,,,,,,,,,,,
,,,,PPARA,,,,FANCF,LINC02223,,,,,,,,,,TNC,,,,,,,,,,,,,,,,,,,,,,,,,,,,,,,,,,,,,,,,
,,,,MID1,,,,LMO2,PLCXD3,,,,,,,,,,GAD2,,,,,,,,,,,,,,,,,,,,,,,,,,,,,,,,,,,,,,,,
,,,,COL4A6,,,,CD82,GHR,,,,,,,,,,CPEB3,,,,,,,,,,,,,,,,,,,,,,,,,,,,,,,,,,,,,,,,
,,,,COL4A5,,,,LRP4,RAB3C,,,,,,,,,,SORCS3,,,,,,,,,,,,,,,,,,,,,,,,,,,,,,,,,,,,,,,,
,,,,RPL10,,,,DTX4,RNF180,,,,,,,,,,HSPA12A,,,,,,,,,,,,,,,,,,,,,,,,,,,,,,,,,,,,,,,,
,,,,,,,,MACROD1,SERINC5,,,,,,,,,,SHTN1,,,,,,,,,,,,,,,,,,,,,,,,,,,,,,,,,,,,,,,,
,,,,,,,,CCND1,CAMK4,,,,,,,,,,GRK5,,,,,,,,,,,,,,,,,,,,,,,,,,,,,,,,,,,,,,,,
,,,,,,,,AP002387.2,GPRIN1,,,,,,,,,,ADGRA1,,,,,,,,,,,,,,,,,,,,,,,,,,,,,,,,,,,,,,,,
,,,,,,,,RPS3,SOX4,,,,,,,,,,LMO1,,,,,,,,,,,,,,,,,,,,,,,,,,,,,,,,,,,,,,,,
,,,,,,,,TENM4,RIPOR2,,,,,,,,,,SBF2,,,,,,,,,,,,,,,,,,,,,,,,,,,,,,,,,,,,,,,,
,,,,,,,,CTSC,PPP1R18,,,,,,,,,,AC011092.2,,,,,,,,,,,,,,,,,,,,,,,,,,,,,,,,,,,,,,,,
,,,,,,,,DYNC2H1,USP49,,,,,,,,,,SLC1A2,,,,,,,,,,,,,,,,,,,,,,,,,,,,,,,,,,,,,,,,
,,,,,,,,DDX10,RCAN2,,,,,,,,,,LRRC4C,,,,,,,,,,,,,,,,,,,,,,,,,,,,,,,,,,,,,,,,
,,,,,,,,OAF,DST,,,,,,,,,,CTNND1,,,,,,,,,,,,,,,,,,,,,,,,,,,,,,,,,,,,,,,,
,,,,,,,,PLEKHA5,DOP1A,,,,,,,,,,GNG3,,,,,,,,,,,,,,,,,,,,,,,,,,,,,,,,,,,,,,,,
,,,,,,,,SINHCAF,SNAP91,,,,,,,,,,DYNC2H1,,,,,,,,,,,,,,,,,,,,,,,,,,,,,,,,,,,,,,,,
,,,,,,,,TUBA1C,CD24,,,,,,,,,,UBASH3B,,,,,,,,,,,,,,,,,,,,,,,,,,,,,,,,,,,,,,,,
,,,,,,,,ATP5MC2,MICAL1,,,,,,,,,,KIRREL3,,,,,,,,,,,,,,,,,,,,,,,,,,,,,,,,,,,,,,,,
,,,,,,,,SYT1,CLVS2,,,,,,,,,,AP001783.1,,,,,,,,,,,,,,,,,,,,,,,,,,,,,,,,,,,,,,,,
,,,,,,,,AC027288.3,KIAA0408,,,,,,,,,,IGSF9B,,,,,,,,,,,,,,,,,,,,,,,,,,,,,,,,,,,,,,,,
,,,,,,,,LIN7A,SOGA3,,,,,,,,,,BICD1,,,,,,,,,,,,,,,,,,,,,,,,,,,,,,,,,,,,,,,,
,,,,,,,,LTA4H,SYNE1,,,,,,,,,,CCDC184,,,,,,,,,,,,,,,,,,,,,,,,,,,,,,,,,,,,,,,,
,,,,,,,,RMST,TMEM181,,,,,,,,,,AC023509.6,,,,,,,,,,,,,,,,,,,,,,,,,,,,,,,,,,,,,,,,
,,,,,,,,C12orf76,CCZ1,,,,,,,,,,SRGAP1,,,,,,,,,,,,,,,,,,,,,,,,,,,,,,,,,,,,,,,,
,,,,,,,,LHX5,GLCCI1,,,,,,,,,,AC020611.2,,,,,,,,,,,,,,,,,,,,,,,,,,,,,,,,,,,,,,,,
,,,,,,,,LHX5-AS1,HECW1,,,,,,,,,,NAV3,,,,,,,,,,,,,,,,,,,,,,,,,,,,,,,,,,,,,,,,
,,,,,,,,RPLP0,EGFR,,,,,,,,,,TMTC2,,,,,,,,,,,,,,,,,,,,,,,,,,,,,,,,,,,,,,,,
,,,,,,,,LINC02334,CASTOR2,,,,,,,,,,ANKS1B,,,,,,,,,,,,,,,,,,,,,,,,,,,,,,,,,,,,,,,,
,,,,,,,,ABCC4,SRRM3,,,,,,,,,,SLC41A2,,,,,,,,,,,,,,,,,,,,,,,,,,,,,,,,,,,,,,,,
,,,,,,,,AL137139.2,DYNC1I1,,,,,,,,,,SVOP,,,,,,,,,,,,,,,,,,,,,,,,,,,,,,,,,,,,,,,,
,,,,,,,,AL138701.2,DLX6-AS1,,,,,,,,,,KSR2,,,,,,,,,,,,,,,,,,,,,,,,,,,,,,,,,,,,,,,,
,,,,,,,,EMC9,DLX6,,,,,,,,,,TAOK3,,,,,,,,,,,,,,,,,,,,,,,,,,,,,,,,,,,,,,,,
,,,,,,,,ZFP36L1,ACTL6B,,,,,,,,,,SRRM4,,,,,,,,,,,,,,,,,,,,,,,,,,,,,,,,,,,,,,,,
,,,,,,,,CCDC85C,LHFPL3,,,,,,,,,,BICDL1,,,,,,,,,,,,,,,,,,,,,,,,,,,,,,,,,,,,,,,,
,,,,,,,,EML1,LRRN3,,,,,,,,,,P2RX4,,,,,,,,,,,,,,,,,,,,,,,,,,,,,,,,,,,,,,,,
,,,,,,,,DLK1,DOCK4,,,,,,,,,,AMER2,,,,,,,,,,,,,,,,,,,,,,,,,,,,,,,,,,,,,,,,
,,,,,,,,TRAF3,FOXP2,,,,,,,,,,DCLK1,,,,,,,,,,,,,,,,,,,,,,,,,,,,,,,,,,,,,,,,
,,,,,,,,MKRN3,TNPO3,,,,,,,,,,ENOX1,,,,,,,,,,,,,,,,,,,,,,,,,,,,,,,,,,,,,,,,
,,,,,,,,NDN,DGKI,,,,,,,,,,AL162493.1,,,,,,,,,,,,,,,,,,,,,,,,,,,,,,,,,,,,,,,,
,,,,,,,,RASGRP1,LINC00599,,,,,,,,,,FAM155A,,,,,,,,,,,,,,,,,,,,,,,,,,,,,,,,,,,,,,,,
,,,,,,,,GCHFR,AC034111.2,,,,,,,,,,AKAP6,,,,,,,,,,,,,,,,,,,,,,,,,,,,,,,,,,,,,,,,
,,,,,,,,RPS27L,MTMR7,,,,,,,,,,LRFN5,,,,,,,,,,,,,,,,,,,,,,,,,,,,,,,,,,,,,,,,
,,,,,,,,CRABP1,LZTS1,,,,,,,,,,RTN1,,,,,,,,,,,,,,,,,,,,,,,,,,,,,,,,,,,,,,,,
,,,,,,,,RPS2,LZTS1-AS1,,,,,,,,,,SYT16,,,,,,,,,,,,,,,,,,,,,,,,,,,,,,,,,,,,,,,,
,,,,,,,,RSL1D1,AC120193.1,,,,,,,,,,DPF3,,,,,,,,,,,,,,,,,,,,,,,,,,,,,,,,,,,,,,,,
,,,,,,,,IQCK,DPYSL2,,,,,,,,,,FLRT2,,,,,,,,,,,,,,,,,,,,,,,,,,,,,,,,,,,,,,,,
,,,,,,,,PRKCB,HGSNAT,,,,,,,,,,FOXN3,,,,,,,,,,,,,,,,,,,,,,,,,,,,,,,,,,,,,,,,
,,,,,,,,VKORC1,SNTG1,,,,,,,,,,UNC79,,,,,,,,,,,,,,,,,,,,,,,,,,,,,,,,,,,,,,,,
,,,,,,,,ZNF423,ST18,,,,,,,,,,GABRB3,,,,,,,,,,,,,,,,,,,,,,,,,,,,,,,,,,,,,,,,
,,,,,,,,RPGRIP1L,XKR4,,,,,,,,,,SCG3,,,,,,,,,,,,,,,,,,,,,,,,,,,,,,,,,,,,,,,,
,,,,,,,,NOB1,AC022679.2,,,,,,,,,,HERC1,,,,,,,,,,,,,,,,,,,,,,,,,,,,,,,,,,,,,,,,
,,,,,,,,ADAMTS18,FAM110B,,,,,,,,,,MYO9A,,,,,,,,,,,,,,,,,,,,,,,,,,,,,,,,,,,,,,,,
,,,,,,,,RPL13,SLCO5A1,,,,,,,,,,ISLR2,,,,,,,,,,,,,,,,,,,,,,,,,,,,,,,,,,,,,,,,
,,,,,,,,EIF5A,AC079089.1,,,,,,,,,,RASGRF1,,,,,,,,,,,,,,,,,,,,,,,,,,,,,,,,,,,,,,,,
,,,,,,,,SNHG29,KCNB2,,,,,,,,,,TNRC6A,,,,,,,,,,,,,,,,,,,,,,,,,,,,,,,,,,,,,,,,
,,,,,,,,LHX1,STMN2,,,,,,,,,,AC008731.1,,,,,,,,,,,,,,,,,,,,,,,,,,,,,,,,,,,,,,,,
,,,,,,,,RPL19,ZNF704,,,,,,,,,,AC012645.1,,,,,,,,,,,,,,,,,,,,,,,,,,,,,,,,,,,,,,,,
,,,,,,,,SDK2,RUNX1T1,,,,,,,,,,GNAO1,,,,,,,,,,,,,,,,,,,,,,,,,,,,,,,,,,,,,,,,
,,,,,,,,SNHG16,MTSS1,,,,,,,,,,MTSS2,,,,,,,,,,,,,,,,,,,,,,,,,,,,,,,,,,,,,,,,
,,,,,,,,LGALS3BP,SCRT1,,,,,,,,,,SPNS2,,,,,,,,,,,,,,,,,,,,,,,,,,,,,,,,,,,,,,,,
,,,,,,,,TBCD,SMARCA2,,,,,,,,,,TOM1L2,,,,,,,,,,,,,,,,,,,,,,,,,,,,,,,,,,,,,,,,
,,,,,,,,RPL17,DENND4C,,,,,,,,,,SARM1,,,,,,,,,,,,,,,,,,,,,,,,,,,,,,,,,,,,,,,,
,,,,,,,,MICOS13,ELAVL2,,,,,,,,,,CACNA1G,,,,,,,,,,,,,,,,,,,,,,,,,,,,,,,,,,,,,,,,
,,,,,,,,ZNF558,SHB,,,,,,,,,,AC005972.3,,,,,,,,,,,,,,,,,,,,,,,,,,,,,,,,,,,,,,,,
,,,,,,,,C19orf53,APBA1,,,,,,,,,,AC015923.1,,,,,,,,,,,,,,,,,,,,,,,,,,,,,,,,,,,,,,,,
,,,,,,,,FCHO1,GNAQ,,,,,,,,,,PITPNC1,,,,,,,,,,,,,,,,,,,,,,,,,,,,,,,,,,,,,,,,
,,,,,,,,RPL18A,DAPK1,,,,,,,,,,MTCL1,,,,,,,,,,,,,,,,,,,,,,,,,,,,,,,,,,,,,,,,
,,,,,,,,RPL18,FGD3,,,,,,,,,,RAB31,,,,,,,,,,,,,,,,,,,,,,,,,,,,,,,,,,,,,,,,
,,,,,,,,RUVBL2,TNC,,,,,,,,,,SETBP1,,,,,,,,,,,,,,,,,,,,,,,,,,,,,,,,,,,,,,,,
,,,,,,,,BCL2L12,RALGPS1,,,,,,,,,,ST8SIA5,,,,,,,,,,,,,,,,,,,,,,,,,,,,,,,,,,,,,,,,
,,,,,,,,C19orf81,SLC27A4,,,,,,,,,,MEX3C,,,,,,,,,,,,,,,,,,,,,,,,,,,,,,,,,,,,,,,,
,,,,,,,,TTYH1,CAMK1D,,,,,,,,,,NEDD4L,,,,,,,,,,,,,,,,,,,,,,,,,,,,,,,,,,,,,,,,
,,,,,,,,ISOC2,CCDC3,,,,,,,,,,ZNF491,,,,,,,,,,,,,,,,,,,,,,,,,,,,,,,,,,,,,,,,
,,,,,,,,NAT14,GAD2,,,,,,,,,,NCAN,,,,,,,,,,,,,,,,,,,,,,,,,,,,,,,,,,,,,,,,
,,,,,,,,RPS5,JMJD1C,,,,,,,,,,ATP1A3,,,,,,,,,,,,,,,,,,,,,,,,,,,,,,,,,,,,,,,,
,,,,,,,,C20orf27,CPEB3,,,,,,,,,,CACNG7,,,,,,,,,,,,,,,,,,,,,,,,,,,,,,,,,,,,,,,,
,,,,,,,,PLCB1,INA,,,,,,,,,,CACNG8,,,,,,,,,,,,,,,,,,,,,,,,,,,,,,,,,,,,,,,,
,,,,,,,,ZNRF3,SORCS3,,,,,,,,,,PAK5,,,,,,,,,,,,,,,,,,,,,,,,,,,,,,,,,,,,,,,,
,,,,,,,,GCAT,ATRNL1,,,,,,,,,,XKR7,,,,,,,,,,,,,,,,,,,,,,,,,,,,,,,,,,,,,,,,
,,,,,,,,EIF3L,HSPA12A,,,,,,,,,,MAFB,,,,,,,,,,,,,,,,,,,,,,,,,,,,,,,,,,,,,,,,
,,,,,,,,ST13,ENO4,,,,,,,,,,ZHX3,,,,,,,,,,,,,,,,,,,,,,,,,,,,,,,,,,,,,,,,
,,,,,,,,SCUBE1,SHTN1,,,,,,,,,,CDH22,,,,,,,,,,,,,,,,,,,,,,,,,,,,,,,,,,,,,,,,
,,,,,,,,MPPED1,CHST15,,,,,,,,,,AP001347.1,,,,,,,,,,,,,,,,,,,,,,,,,,,,,,,,,,,,,,,,
,,,,,,,,WNT7B,ADGRA1,,,,,,,,,,HSPA13,,,,,,,,,,,,,,,,,,,,,,,,,,,,,,,,,,,,,,,,
,,,,,,,,GTPBP6,BRSK2,,,,,,,,,,USP25,,,,,,,,,,,,,,,,,,,,,,,,,,,,,,,,,,,,,,,,
,,,,,,,,AC079142.1,KCNC1,,,,,,,,,,MIR99AHG,,,,,,,,,,,,,,,,,,,,,,,,,,,,,,,,,,,,,,,,
,,,,,,,,MIR222HG,SLC1A2,,,,,,,,,,APP,,,,,,,,,,,,,,,,,,,,,,,,,,,,,,,,,,,,,,,,
,,,,,,,,LINC02595,LRRC4C,,,,,,,,,,AP001442.1,,,,,,,,,,,,,,,,,,,,,,,,,,,,,,,,,,,,,,,,
,,,,,,,,COL4A6,PTPRJ,,,,,,,,,,LTN1,,,,,,,,,,,,,,,,,,,,,,,,,,,,,,,,,,,,,,,,
,,,,,,,,,RTN3,,,,,,,,,,USP16,,,,,,,,,,,,,,,,,,,,,,,,,,,,,,,,,,,,,,,,
,,,,,,,,,CAPN1,,,,,,,,,,CCT8,,,,,,,,,,,,,,,,,,,,,,,,,,,,,,,,,,,,,,,,
,,,,,,,,,FAM89B,,,,,,,,,,SCAF4,,,,,,,,,,,,,,,,,,,,,,,,,,,,,,,,,,,,,,,,
,,,,,,,,,RBM4B,,,,,,,,,,SYNJ1,,,,,,,,,,,,,,,,,,,,,,,,,,,,,,,,,,,,,,,,
,,,,,,,,,DSCAML1,,,,,,,,,,PAXBP1,,,,,,,,,,,,,,,,,,,,,,,,,,,,,,,,,,,,,,,,
,,,,,,,,,KMT2A,,,,,,,,,,IFNAR2,,,,,,,,,,,,,,,,,,,,,,,,,,,,,,,,,,,,,,,,
,,,,,,,,,SCN3B,,,,,,,,,,IFNAR1,,,,,,,,,,,,,,,,,,,,,,,,,,,,,,,,,,,,,,,,
,,,,,,,,,KIRREL3,,,,,,,,,,TMEM50B,,,,,,,,,,,,,,,,,,,,,,,,,,,,,,,,,,,,,,,,
,,,,,,,,,AP001783.1,,,,,,,,,,SON,,,,,,,,,,,,,,,,,,,,,,,,,,,,,,,,,,,,,,,,
,,,,,,,,,IGSF9B,,,,,,,,,,CRYZL1,,,,,,,,,,,,,,,,,,,,,,,,,,,,,,,,,,,,,,,,
,,,,,,,,,CACNA1C,,,,,,,,,,ITSN1,,,,,,,,,,,,,,,,,,,,,,,,,,,,,,,,,,,,,,,,
,,,,,,,,,KCNA5,,,,,,,,,,MORC3,,,,,,,,,,,,,,,,,,,,,,,,,,,,,,,,,,,,,,,,
,,,,,,,,,PTPRO,,,,,,,,,,HLCS,,,,,,,,,,,,,,,,,,,,,,,,,,,,,,,,,,,,,,,,
,,,,,,,,,DENND5B,,,,,,,,,,TTC3,,,,,,,,,,,,,,,,,,,,,,,,,,,,,,,,,,,,,,,,
,,,,,,,,,KIF21A,,,,,,,,,,VPS26C,,,,,,,,,,,,,,,,,,,,,,,,,,,,,,,,,,,,,,,,
,,,,,,,,,SCN8A,,,,,,,,,,DYRK1A,,,,,,,,,,,,,,,,,,,,,,,,,,,,,,,,,,,,,,,,
,,,,,,,,,SRGAP1,,,,,,,,,,BRWD1,,,,,,,,,,,,,,,,,,,,,,,,,,,,,,,,,,,,,,,,
,,,,,,,,,AC020611.2,,,,,,,,,,GET1,,,,,,,,,,,,,,,,,,,,,,,,,,,,,,,,,,,,,,,,
,,,,,,,,,RAB3IP,,,,,,,,,,PDE9A,,,,,,,,,,,,,,,,,,,,,,,,,,,,,,,,,,,,,,,,
,,,,,,,,,HCFC2,,,,,,,,,,NDUFV3,,,,,,,,,,,,,,,,,,,,,,,,,,,,,,,,,,,,,,,,
,,,,,,,,,SLC41A2,,,,,,,,,,PKNOX1,,,,,,,,,,,,,,,,,,,,,,,,,,,,,,,,,,,,,,,,
,,,,,,,,,SVOP,,,,,,,,,,RRP1B,,,,,,,,,,,,,,,,,,,,,,,,,,,,,,,,,,,,,,,,
,,,,,,,,,HECTD4,,,,,,,,,,TRAPPC10,,,,,,,,,,,,,,,,,,,,,,,,,,,,,,,,,,,,,,,,
,,,,,,,,,KSR2,,,,,,,,,,GATD3A,,,,,,,,,,,,,,,,,,,,,,,,,,,,,,,,,,,,,,,,
,,,,,,,,,WSB2,,,,,,,,,,LSS,,,,,,,,,,,,,,,,,,,,,,,,,,,,,,,,,,,,,,,,
,,,,,,,,,SRRM4,,,,,,,,,,MCM3AP-AS1,,,,,,,,,,,,,,,,,,,,,,,,,,,,,,,,,,,,,,,,
,,,,,,,,,BICDL1,,,,,,,,,,MCM3AP,,,,,,,,,,,,,,,,,,,,,,,,,,,,,,,,,,,,,,,,
,,,,,,,,,AMER2,,,,,,,,,,DIP2A,,,,,,,,,,,,,,,,,,,,,,,,,,,,,,,,,,,,,,,,
,,,,,,,,,MTMR6,,,,,,,,,,PRMT2,,,,,,,,,,,,,,,,,,,,,,,,,,,,,,,,,,,,,,,,
,,,,,,,,,DCLK1,,,,,,,,,,CACNG2,,,,,,,,,,,,,,,,,,,,,,,,,,,,,,,,,,,,,,,,
,,,,,,,,,LHFPL6,,,,,,,,,,TNRC6B,,,,,,,,,,,,,,,,,,,,,,,,,,,,,,,,,,,,,,,,
,,,,,,,,,ENOX1,,,,,,,,,,DHRSX,,,,,,,,,,,,,,,,,,,,,,,,,,,,,,,,,,,,,,,,
,,,,,,,,,LRCH1,,,,,,,,,,REPS2,,,,,,,,,,,,,,,,,,,,,,,,,,,,,,,,,,,,,,,,
,,,,,,,,,DLEU2,,,,,,,,,,CASK,,,,,,,,,,,,,,,,,,,,,,,,,,,,,,,,,,,,,,,,
,,,,,,,,,KLF12,,,,,,,,,,FAM156A,,,,,,,,,,,,,,,,,,,,,,,,,,,,,,,,,,,,,,,,
,,,,,,,,,MYCBP2,,,,,,,,,,OPHN1,,,,,,,,,,,,,,,,,,,,,,,,,,,,,,,,,,,,,,,,
,,,,,,,,,SLITRK1,,,,,,,,,,TMEM35A,,,,,,,,,,,,,,,,,,,,,,,,,,,,,,,,,,,,,,,,
,,,,,,,,,AL162493.1,,,,,,,,,,AL683813.1,,,,,,,,,,,,,,,,,,,,,,,,,,,,,,,,,,,,,,,,
,,,,,,,,,FAM155A,,,,,,,,,,,,,,,,,,,,,,,,,,,,,,,,,,,,,,,,,,,,,,,,,,
,,,,,,,,,AKAP6,,,,,,,,,,,,,,,,,,,,,,,,,,,,,,,,,,,,,,,,,,,,,,,,,,
,,,,,,,,,MDGA2,,,,,,,,,,,,,,,,,,,,,,,,,,,,,,,,,,,,,,,,,,,,,,,,,,
,,,,,,,,,ATL1,,,,,,,,,,,,,,,,,,,,,,,,,,,,,,,,,,,,,,,,,,,,,,,,,,
,,,,,,,,,GNG2,,,,,,,,,,,,,,,,,,,,,,,,,,,,,,,,,,,,,,,,,,,,,,,,,,
,,,,,,,,,GPR137C,,,,,,,,,,,,,,,,,,,,,,,,,,,,,,,,,,,,,,,,,,,,,,,,,,
,,,,,,,,,EXOC5,,,,,,,,,,,,,,,,,,,,,,,,,,,,,,,,,,,,,,,,,,,,,,,,,,
,,,,,,,,,RTN1,,,,,,,,,,,,,,,,,,,,,,,,,,,,,,,,,,,,,,,,,,,,,,,,,,
,,,,,,,,,SYT16,,,,,,,,,,,,,,,,,,,,,,,,,,,,,,,,,,,,,,,,,,,,,,,,,,
,,,,,,,,,FOXN3,,,,,,,,,,,,,,,,,,,,,,,,,,,,,,,,,,,,,,,,,,,,,,,,,,
,,,,,,,,,CHGA,,,,,,,,,,,,,,,,,,,,,,,,,,,,,,,,,,,,,,,,,,,,,,,,,,
,,,,,,,,,UNC79,,,,,,,,,,,,,,,,,,,,,,,,,,,,,,,,,,,,,,,,,,,,,,,,,,
,,,,,,,,,KLC1,,,,,,,,,,,,,,,,,,,,,,,,,,,,,,,,,,,,,,,,,,,,,,,,,,
,,,,,,,,,NUDT14,,,,,,,,,,,,,,,,,,,,,,,,,,,,,,,,,,,,,,,,,,,,,,,,,,
,,,,,,,,,GABRB3,,,,,,,,,,,,,,,,,,,,,,,,,,,,,,,,,,,,,,,,,,,,,,,,,,
,,,,,,,,,RYR3,,,,,,,,,,,,,,,,,,,,,,,,,,,,,,,,,,,,,,,,,,,,,,,,,,
,,,,,,,,,MAP1A,,,,,,,,,,,,,,,,,,,,,,,,,,,,,,,,,,,,,,,,,,,,,,,,,,
,,,,,,,,,SEMA6D,,,,,,,,,,,,,,,,,,,,,,,,,,,,,,,,,,,,,,,,,,,,,,,,,,
,,,,,,,,,DMXL2,,,,,,,,,,,,,,,,,,,,,,,,,,,,,,,,,,,,,,,,,,,,,,,,,,
,,,,,,,,,SCG3,,,,,,,,,,,,,,,,,,,,,,,,,,,,,,,,,,,,,,,,,,,,,,,,,,
,,,,,,,,,GNB5,,,,,,,,,,,,,,,,,,,,,,,,,,,,,,,,,,,,,,,,,,,,,,,,,,
,,,,,,,,,HERC1,,,,,,,,,,,,,,,,,,,,,,,,,,,,,,,,,,,,,,,,,,,,,,,,,,
,,,,,,,,,CORO2B,,,,,,,,,,,,,,,,,,,,,,,,,,,,,,,,,,,,,,,,,,,,,,,,,,
,,,,,,,,,PARP6,,,,,,,,,,,,,,,,,,,,,,,,,,,,,,,,,,,,,,,,,,,,,,,,,,
,,,,,,,,,RPP25,,,,,,,,,,,,,,,,,,,,,,,,,,,,,,,,,,,,,,,,,,,,,,,,,,
,,,,,,,,,SCAMP5,,,,,,,,,,,,,,,,,,,,,,,,,,,,,,,,,,,,,,,,,,,,,,,,,,
,,,,,,,,,LINGO1,,,,,,,,,,,,,,,,,,,,,,,,,,,,,,,,,,,,,,,,,,,,,,,,,,
,,,,,,,,,AP3B2,,,,,,,,,,,,,,,,,,,,,,,,,,,,,,,,,,,,,,,,,,,,,,,,,,
,,,,,,,,,HDGFL3,,,,,,,,,,,,,,,,,,,,,,,,,,,,,,,,,,,,,,,,,,,,,,,,,,
,,,,,,,,,PDE8A,,,,,,,,,,,,,,,,,,,,,,,,,,,,,,,,,,,,,,,,,,,,,,,,,,
,,,,,,,,,ST8SIA2,,,,,,,,,,,,,,,,,,,,,,,,,,,,,,,,,,,,,,,,,,,,,,,,,,
,,,,,,,,,PAQR4,,,,,,,,,,,,,,,,,,,,,,,,,,,,,,,,,,,,,,,,,,,,,,,,,,
,,,,,,,,,ADCY9,,,,,,,,,,,,,,,,,,,,,,,,,,,,,,,,,,,,,,,,,,,,,,,,,,
,,,,,,,,,CORO7,,,,,,,,,,,,,,,,,,,,,,,,,,,,,,,,,,,,,,,,,,,,,,,,,,
,,,,,,,,,SBK1,,,,,,,,,,,,,,,,,,,,,,,,,,,,,,,,,,,,,,,,,,,,,,,,,,
,,,,,,,,,SEZ6L2,,,,,,,,,,,,,,,,,,,,,,,,,,,,,,,,,,,,,,,,,,,,,,,,,,
,,,,,,,,,YPEL3,,,,,,,,,,,,,,,,,,,,,,,,,,,,,,,,,,,,,,,,,,,,,,,,,,
,,,,,,,,,AC012645.1,,,,,,,,,,,,,,,,,,,,,,,,,,,,,,,,,,,,,,,,,,,,,,,,,,
,,,,,,,,,TOX3,,,,,,,,,,,,,,,,,,,,,,,,,,,,,,,,,,,,,,,,,,,,,,,,,,
,,,,,,,,,ADGRG1,,,,,,,,,,,,,,,,,,,,,,,,,,,,,,,,,,,,,,,,,,,,,,,,,,
,,,,,,,,,ZFP90,,,,,,,,,,,,,,,,,,,,,,,,,,,,,,,,,,,,,,,,,,,,,,,,,,
,,,,,,,,,TERF2IP,,,,,,,,,,,,,,,,,,,,,,,,,,,,,,,,,,,,,,,,,,,,,,,,,,
,,,,,,,,,SRR,,,,,,,,,,,,,,,,,,,,,,,,,,,,,,,,,,,,,,,,,,,,,,,,,,
,,,,,,,,,RAP1GAP2,,,,,,,,,,,,,,,,,,,,,,,,,,,,,,,,,,,,,,,,,,,,,,,,,,
,,,,,,,,,FAM222B,,,,,,,,,,,,,,,,,,,,,,,,,,,,,,,,,,,,,,,,,,,,,,,,,,
,,,,,,,,,SEZ6,,,,,,,,,,,,,,,,,,,,,,,,,,,,,,,,,,,,,,,,,,,,,,,,,,
,,,,,,,,,SSH2,,,,,,,,,,,,,,,,,,,,,,,,,,,,,,,,,,,,,,,,,,,,,,,,,,
,,,,,,,,,CDK5R1,,,,,,,,,,,,,,,,,,,,,,,,,,,,,,,,,,,,,,,,,,,,,,,,,,
,,,,,,,,,ARHGAP23,,,,,,,,,,,,,,,,,,,,,,,,,,,,,,,,,,,,,,,,,,,,,,,,,,
,,,,,,,,,RARA,,,,,,,,,,,,,,,,,,,,,,,,,,,,,,,,,,,,,,,,,,,,,,,,,,
,,,,,,,,,ARL4D,,,,,,,,,,,,,,,,,,,,,,,,,,,,,,,,,,,,,,,,,,,,,,,,,,
,,,,,,,,,MAPT,,,,,,,,,,,,,,,,,,,,,,,,,,,,,,,,,,,,,,,,,,,,,,,,,,
,,,,,,,,,SAMD14,,,,,,,,,,,,,,,,,,,,,,,,,,,,,,,,,,,,,,,,,,,,,,,,,,
,,,,,,,,,CACNG4,,,,,,,,,,,,,,,,,,,,,,,,,,,,,,,,,,,,,,,,,,,,,,,,,,
,,,,,,,,,MGAT5B,,,,,,,,,,,,,,,,,,,,,,,,,,,,,,,,,,,,,,,,,,,,,,,,,,
,,,,,,,,,L3MBTL4,,,,,,,,,,,,,,,,,,,,,,,,,,,,,,,,,,,,,,,,,,,,,,,,,,
,,,,,,,,,ASXL3,,,,,,,,,,,,,,,,,,,,,,,,,,,,,,,,,,,,,,,,,,,,,,,,,,
,,,,,,,,,NOL4,,,,,,,,,,,,,,,,,,,,,,,,,,,,,,,,,,,,,,,,,,,,,,,,,,
,,,,,,,,,CELF4,,,,,,,,,,,,,,,,,,,,,,,,,,,,,,,,,,,,,,,,,,,,,,,,,,
,,,,,,,,,ST8SIA5,,,,,,,,,,,,,,,,,,,,,,,,,,,,,,,,,,,,,,,,,,,,,,,,,,
,,,,,,,,,NEDD4L,,,,,,,,,,,,,,,,,,,,,,,,,,,,,,,,,,,,,,,,,,,,,,,,,,
,,,,,,,,,ZNF532,,,,,,,,,,,,,,,,,,,,,,,,,,,,,,,,,,,,,,,,,,,,,,,,,,
,,,,,,,,,SHC2,,,,,,,,,,,,,,,,,,,,,,,,,,,,,,,,,,,,,,,,,,,,,,,,,,
,,,,,,,,,CELF5,,,,,,,,,,,,,,,,,,,,,,,,,,,,,,,,,,,,,,,,,,,,,,,,,,
,,,,,,,,,ATCAY,,,,,,,,,,,,,,,,,,,,,,,,,,,,,,,,,,,,,,,,,,,,,,,,,,
,,,,,,,,,INSR,,,,,,,,,,,,,,,,,,,,,,,,,,,,,,,,,,,,,,,,,,,,,,,,,,
,,,,,,,,,FBN3,,,,,,,,,,,,,,,,,,,,,,,,,,,,,,,,,,,,,,,,,,,,,,,,,,
,,,,,,,,,ADAMTS10,,,,,,,,,,,,,,,,,,,,,,,,,,,,,,,,,,,,,,,,,,,,,,,,,,
,,,,,,,,,ELAVL3,,,,,,,,,,,,,,,,,,,,,,,,,,,,,,,,,,,,,,,,,,,,,,,,,,
,,,,,,,,,MAST1,,,,,,,,,,,,,,,,,,,,,,,,,,,,,,,,,,,,,,,,,,,,,,,,,,
,,,,,,,,,NCAN,,,,,,,,,,,,,,,,,,,,,,,,,,,,,,,,,,,,,,,,,,,,,,,,,,
,,,,,,,,,ZNF430,,,,,,,,,,,,,,,,,,,,,,,,,,,,,,,,,,,,,,,,,,,,,,,,,,
,,,,,,,,,DPF1,,,,,,,,,,,,,,,,,,,,,,,,,,,,,,,,,,,,,,,,,,,,,,,,,,
,,,,,,,,,DLL3,,,,,,,,,,,,,,,,,,,,,,,,,,,,,,,,,,,,,,,,,,,,,,,,,,
,,,,,,,,,TTC9B,,,,,,,,,,,,,,,,,,,,,,,,,,,,,,,,,,,,,,,,,,,,,,,,,,
,,,,,,,,,ATP1A3,,,,,,,,,,,,,,,,,,,,,,,,,,,,,,,,,,,,,,,,,,,,,,,,,,
,,,,,,,,,POU2F2,,,,,,,,,,,,,,,,,,,,,,,,,,,,,,,,,,,,,,,,,,,,,,,,,,
,,,,,,,,,RTN2,,,,,,,,,,,,,,,,,,,,,,,,,,,,,,,,,,,,,,,,,,,,,,,,,,
,,,,,,,,,SELENOW,,,,,,,,,,,,,,,,,,,,,,,,,,,,,,,,,,,,,,,,,,,,,,,,,,
,,,,,,,,,CACNG8,,,,,,,,,,,,,,,,,,,,,,,,,,,,,,,,,,,,,,,,,,,,,,,,,,
,,,,,,,,,SCRT2,,,,,,,,,,,,,,,,,,,,,,,,,,,,,,,,,,,,,,,,,,,,,,,,,,
,,,,,,,,,RNF24,,,,,,,,,,,,,,,,,,,,,,,,,,,,,,,,,,,,,,,,,,,,,,,,,,
,,,,,,,,,CHGB,,,,,,,,,,,,,,,,,,,,,,,,,,,,,,,,,,,,,,,,,,,,,,,,,,
,,,,,,,,,PAK5,,,,,,,,,,,,,,,,,,,,,,,,,,,,,,,,,,,,,,,,,,,,,,,,,,
,,,,,,,,,SNAP25,,,,,,,,,,,,,,,,,,,,,,,,,,,,,,,,,,,,,,,,,,,,,,,,,,
,,,,,,,,,SLC24A3,,,,,,,,,,,,,,,,,,,,,,,,,,,,,,,,,,,,,,,,,,,,,,,,,,
,,,,,,,,,INSM1,,,,,,,,,,,,,,,,,,,,,,,,,,,,,,,,,,,,,,,,,,,,,,,,,,
,,,,,,,,,MAFB,,,,,,,,,,,,,,,,,,,,,,,,,,,,,,,,,,,,,,,,,,,,,,,,,,
,,,,,,,,,GDAP1L1,,,,,,,,,,,,,,,,,,,,,,,,,,,,,,,,,,,,,,,,,,,,,,,,,,
,,,,,,,,,PHACTR3,,,,,,,,,,,,,,,,,,,,,,,,,,,,,,,,,,,,,,,,,,,,,,,,,,
,,,,,,,,,MYT1,,,,,,,,,,,,,,,,,,,,,,,,,,,,,,,,,,,,,,,,,,,,,,,,,,
,,,,,,,,,AP001347.1,,,,,,,,,,,,,,,,,,,,,,,,,,,,,,,,,,,,,,,,,,,,,,,,,,
,,,,,,,,,HSPA13,,,,,,,,,,,,,,,,,,,,,,,,,,,,,,,,,,,,,,,,,,,,,,,,,,
,,,,,,,,,CXADR,,,,,,,,,,,,,,,,,,,,,,,,,,,,,,,,,,,,,,,,,,,,,,,,,,
,,,,,,,,,ATP5PF,,,,,,,,,,,,,,,,,,,,,,,,,,,,,,,,,,,,,,,,,,,,,,,,,,
,,,,,,,,,LTN1,,,,,,,,,,,,,,,,,,,,,,,,,,,,,,,,,,,,,,,,,,,,,,,,,,
,,,,,,,,,CCT8,,,,,,,,,,,,,,,,,,,,,,,,,,,,,,,,,,,,,,,,,,,,,,,,,,
,,,,,,,,,BACH1,,,,,,,,,,,,,,,,,,,,,,,,,,,,,,,,,,,,,,,,,,,,,,,,,,
,,,,,,,,,TIAM1,,,,,,,,,,,,,,,,,,,,,,,,,,,,,,,,,,,,,,,,,,,,,,,,,,
,,,,,,,,,SCAF4,,,,,,,,,,,,,,,,,,,,,,,,,,,,,,,,,,,,,,,,,,,,,,,,,,
,,,,,,,,,HUNK,,,,,,,,,,,,,,,,,,,,,,,,,,,,,,,,,,,,,,,,,,,,,,,,,,
,,,,,,,,,SYNJ1,,,,,,,,,,,,,,,,,,,,,,,,,,,,,,,,,,,,,,,,,,,,,,,,,,
,,,,,,,,,PAXBP1,,,,,,,,,,,,,,,,,,,,,,,,,,,,,,,,,,,,,,,,,,,,,,,,,,
,,,,,,,,,IFNAR2,,,,,,,,,,,,,,,,,,,,,,,,,,,,,,,,,,,,,,,,,,,,,,,,,,
,,,,,,,,,IFNAR1,,,,,,,,,,,,,,,,,,,,,,,,,,,,,,,,,,,,,,,,,,,,,,,,,,
,,,,,,,,,DONSON,,,,,,,,,,,,,,,,,,,,,,,,,,,,,,,,,,,,,,,,,,,,,,,,,,
,,,,,,,,,CRYZL1,,,,,,,,,,,,,,,,,,,,,,,,,,,,,,,,,,,,,,,,,,,,,,,,,,
,,,,,,,,,ITSN1,,,,,,,,,,,,,,,,,,,,,,,,,,,,,,,,,,,,,,,,,,,,,,,,,,
,,,,,,,,,MRPS6,,,,,,,,,,,,,,,,,,,,,,,,,,,,,,,,,,,,,,,,,,,,,,,,,,
,,,,,,,,,RCAN1,,,,,,,,,,,,,,,,,,,,,,,,,,,,,,,,,,,,,,,,,,,,,,,,,,
,,,,,,,,,DOP1B,,,,,,,,,,,,,,,,,,,,,,,,,,,,,,,,,,,,,,,,,,,,,,,,,,
,,,,,,,,,MORC3,,,,,,,,,,,,,,,,,,,,,,,,,,,,,,,,,,,,,,,,,,,,,,,,,,
,,,,,,,,,CHAF1B,,,,,,,,,,,,,,,,,,,,,,,,,,,,,,,,,,,,,,,,,,,,,,,,,,
,,,,,,,,,TTC3,,,,,,,,,,,,,,,,,,,,,,,,,,,,,,,,,,,,,,,,,,,,,,,,,,
,,,,,,,,,DYRK1A,,,,,,,,,,,,,,,,,,,,,,,,,,,,,,,,,,,,,,,,,,,,,,,,,,
,,,,,,,,,BRWD1,,,,,,,,,,,,,,,,,,,,,,,,,,,,,,,,,,,,,,,,,,,,,,,,,,
,,,,,,,,,HMGN1,,,,,,,,,,,,,,,,,,,,,,,,,,,,,,,,,,,,,,,,,,,,,,,,,,
,,,,,,,,,GET1,,,,,,,,,,,,,,,,,,,,,,,,,,,,,,,,,,,,,,,,,,,,,,,,,,
,,,,,,,,,ABCG1,,,,,,,,,,,,,,,,,,,,,,,,,,,,,,,,,,,,,,,,,,,,,,,,,,
,,,,,,,,,PDE9A,,,,,,,,,,,,,,,,,,,,,,,,,,,,,,,,,,,,,,,,,,,,,,,,,,
,,,,,,,,,NDUFV3,,,,,,,,,,,,,,,,,,,,,,,,,,,,,,,,,,,,,,,,,,,,,,,,,,
,,,,,,,,,PKNOX1,,,,,,,,,,,,,,,,,,,,,,,,,,,,,,,,,,,,,,,,,,,,,,,,,,
,,,,,,,,,RRP1B,,,,,,,,,,,,,,,,,,,,,,,,,,,,,,,,,,,,,,,,,,,,,,,,,,
,,,,,,,,,TRAPPC10,,,,,,,,,,,,,,,,,,,,,,,,,,,,,,,,,,,,,,,,,,,,,,,,,,
,,,,,,,,,GATD3A,,,,,,,,,,,,,,,,,,,,,,,,,,,,,,,,,,,,,,,,,,,,,,,,,,
,,,,,,,,,PFKL,,,,,,,,,,,,,,,,,,,,,,,,,,,,,,,,,,,,,,,,,,,,,,,,,,
,,,,,,,,,PRMT2,,,,,,,,,,,,,,,,,,,,,,,,,,,,,,,,,,,,,,,,,,,,,,,,,,
,,,,,,,,,GP1BB,,,,,,,,,,,,,,,,,,,,,,,,,,,,,,,,,,,,,,,,,,,,,,,,,,
,,,,,,,,,KREMEN1,,,,,,,,,,,,,,,,,,,,,,,,,,,,,,,,,,,,,,,,,,,,,,,,,,
,,,,,,,,,SLC5A4-AS1,,,,,,,,,,,,,,,,,,,,,,,,,,,,,,,,,,,,,,,,,,,,,,,,,,
,,,,,,,,,RBFOX2,,,,,,,,,,,,,,,,,,,,,,,,,,,,,,,,,,,,,,,,,,,,,,,,,,
,,,,,,,,,CACNG2,,,,,,,,,,,,,,,,,,,,,,,,,,,,,,,,,,,,,,,,,,,,,,,,,,
,,,,,,,,,H1F0,,,,,,,,,,,,,,,,,,,,,,,,,,,,,,,,,,,,,,,,,,,,,,,,,,
,,,,,,,,,SEPTIN3,,,,,,,,,,,,,,,,,,,,,,,,,,,,,,,,,,,,,,,,,,,,,,,,,,
,,,,,,,,,MAPK8IP2,,,,,,,,,,,,,,,,,,,,,,,,,,,,,,,,,,,,,,,,,,,,,,,,,,
,,,,,,,,,WWC3,,,,,,,,,,,,,,,,,,,,,,,,,,,,,,,,,,,,,,,,,,,,,,,,,,
,,,,,,,,,REPS2,,,,,,,,,,,,,,,,,,,,,,,,,,,,,,,,,,,,,,,,,,,,,,,,,,
,,,,,,,,,ZC4H2,,,,,,,,,,,,,,,,,,,,,,,,,,,,,,,,,,,,,,,,,,,,,,,,,,
,,,,,,,,,OPHN1,,,,,,,,,,,,,,,,,,,,,,,,,,,,,,,,,,,,,,,,,,,,,,,,,,
,,,,,,,,,TMEM35A,,,,,,,,,,,,,,,,,,,,,,,,,,,,,,,,,,,,,,,,,,,,,,,,,,
,,,,,,,,,TCEAL2,,,,,,,,,,,,,,,,,,,,,,,,,,,,,,,,,,,,,,,,,,,,,,,,,,
,,,,,,,,,SEPTIN6,,,,,,,,,,,,,,,,,,,,,,,,,,,,,,,,,,,,,,,,,,,,,,,,,,
,,,,,,,,,HPRT1,,,,,,,,,,,,,,,,,,,,,,,,,,,,,,,,,,,,,,,,,,,,,,,,,,
,,,,,,,,,SLC9A6,,,,,,,,,,,,,,,,,,,,,,,,,,,,,,,,,,,,,,,,,,,,,,,,,,
,,,,,,,,,L1CAM,,,,,,,,,,,,,,,,,,,,,,,,,,,,,,,,,,,,,,,,,,,,,,,,,,
,,,,,,,,,UTY,,,,,,,,,,,,,,,,,,,,,,,,,,,,,,,,,,,,,,,,,,,,,,,,,,
